Name;Type;GUID;Stereotype;Notes;TagValue_Definitie;TagNotes_Definitie
;Text;{069CEB93-6C39-4204-82B6-1E39167CEEB3};;;;
;Text;{11D1209B-6F01-4612-9C81-427C7D62D85F};;;;
;Text;{2B4635BE-E24B-4aca-B54B-E013E298CC5A};;;;
Spoorstaafruwheid;DataType;{59D2F1A9-A083-4e55-BEDB-61C54DF1D4E9};Union;"--Definitie--
Keuze om voor een standaard spoorstaafruwheidklasse te gaan of een nieuwe waarde aan te leveren.

--Toelichting--
Er zijn 3 reeds bekende categorieen voor spoorstaafruwheid. Standaard wordt met categorie 1 gerekend, maar in sommige gevallen zijn maatregelen getroffen en kan voor categorie 2, dan wel 3 gekozen worden.
1 = Gemiddeld
2 = Geoptimaliseerd geslepen tot 200 km/pu
3 = Geoptimaliseerd boven 200)

Er mag ook voor gekozen worden om een aangepaste spoorstaafruwheid te meten.";;
AlgObject;Package;{326D164B-0527-4316-9430-62BB926CBC78};;;;
AlgCodelijst;Package;{46FA07E9-9B2A-43cb-9145-1C6C0168D390};;;;
AlgDatatype;Package;{729A55D9-DFD4-4a0e-9A96-B6943B0636C7};;;;
;Boundary;{9C6E0BC2-011C-45da-9BB5-9415DA69EABD};;;;
AlgGegevensgroep;Package;{9FFE19D6-D894-4385-90E3-5924B33BBA1E};;;;
;Boundary;{A47EC51E-3D2C-4dfa-A4FF-5C7CF757B558};;;;
Weg;Boundary;{B590C7B9-2DDB-48ff-BB0D-92F848D72945};;;;
AlgEnumeratie;Package;{B7826611-7A52-4287-882C-1EE50369B927};;;;
;Boundary;{C428C2EF-E7D2-42fd-A084-A2703F993117};;;;
;Boundary;{CC93C885-179B-4600-BA77-900AA3DB8423};;;;
Spoor;Boundary;{D808F455-3CED-46ae-8CEA-476CA2938EDD};;;;
;Boundary;{E7401859-3909-4428-A401-D5059F4FE13B};;;;
;Boundary;{FAEFDC13-0353-4d0f-81A3-83E0D3106B76};;;;
;Boundary;{FB4F10B5-2E27-4ff5-92FB-0469F806A873};;;;
Wegdektype;DataType;{32771007-4395-44a9-9388-99F79758D88D};CodeList;"--Definitie--
Waardelijst met vastgestelde aanduidingen voor wegdekcorrectietypen. De vastgestelde aanduiding, die in de vorm van een code wordt aangeleverd, verwijst naar een wegdektype zoals gespecificeerd in een externe waardelijst. De locatie van deze waardelijst is nog onbekend.

--Notes voor beheer-- 
Dit is een externe waardelijst die wordt beheerd bij KenniscentrumInfomil van Rijkswaterstaat

code moet worden ingevuld van het relevante wegdektype waarschijnlijk op geluidgegevens,nl maar locatie is nog niet bekend";;
EmissiePerDagdeel;DataType;{2CA21F22-A3DC-41d4-82C3-37984841E391};Gestructureerd datatype;"--Definitie--
De jaargemiddelde emissie van een windturbine op een dagdeel.";;
FactorPerOctaafband;DataType;{2E128FCF-DE66-4517-86D2-331E9E0C46EE};Gestructureerd datatype;"--Definitie--
Fractiewaarde per octaafband.

--Regels--
Band31Hz hoeft alleen te worden meegenomen wanneer emissie object uit domein Industrie afkomstig is.

--Notes voor beheer--
In Nederland  wordt veelal gebruik gemaakt van de volgende octaafbanden met midden frequenties van: 31,5;63;125;250;500;1000;2000;4000 en 8000 Hz.

";;
NEN3610ID;DataType;{3F873D6C-1774-46ea-A631-862E358016E9};Gestructureerd datatype;"--Definitie--
identificatiegegevens voor de universeel unieke identificatie van een object

--Toelichting--
De combinatie van namespace van een registratie, lokale identificatie en versie informatie maken een object uniek identificeerbaar. Met de informatie van deze klasse kan daardoor met zekerheid worden verwezen naar het ge&#239;dentificeerde object.

";;
Spoorstaafruwheidwaarde;DataType;{4F6A5461-64CA-460e-9C11-0E25FF4A336B};Gestructureerd datatype;"--Definitie--
Gemeten amplitude per golflengte van de oneffenheden in een spoorstaaf.

--Toelichting--
Golflengtes zijn in mm en worden aflopend ingevoerd.";;
WaardePerOctaafband;DataType;{7AE14E60-44F9-4af5-A8D1-D005D44A25BE};Gestructureerd datatype;"--Definitie--
Gedeelte van het geluidspectrum waarbij de hoogste frequentie twee keer de laagste frequentie bezit.

--Regels--
Band31Hz hoeft alleen te worden meegenomen wanneer emissie object uit domein Industrie afkomstig is.

--Toelichting--
In Nederland  wordt veelal gebruik gemaakt van de volgende octaafbanden met midden frequenties van: 31,5;63;125;250;500;1000;2000;4000 en 8000 Hz.";;
KvKNummer;DataType;{AD847EDB-52B9-40c9-A266-C90605484866};Primitief datatype;"--Definitie--
String met het nummer dat door de Kamer van Koophandel is toegekend aan een organisatie om deze uniek te identificeren.";;"Description: De beschrijving van de betekenis van de construct zoals gespecificeerd in de catalogus van de desbetreffende (basis)registratie of informatiemodel.
"
Uitstralingsrichtingwaarde;DataType;{C522F5BC-D298-4887-8030-D6271385F840};Gestructureerd datatype;"--Definitie--
Bepaald de breedte en richting van geluidsemissie vanaf een 'normale puntbron', 'uitstralende gevel' of een 'uitstralend dak'.

--Toelichting--
Kan ook worden gemodelleerd door 2 punten in model te gebruiken. Een met kleinere emissie en 1 met grotere emissie.
";;
BedrijfsduurcorrectieWaarde;DataType;{EC155AB1-EEFE-4a82-BEF9-003F0872B893};Gestructureerd datatype;"--Definitie--
Tijd in uren per dagdeel waar geluidbron actief is.
";;
Dagdeel;Enumeration;{00122B9B-F5D7-4dbc-8F39-D0F426DF8C39};;"--Definitie--
Het gedeelte van een etmaal waarover het equivalent geluidsniveau wordt bepaald, ook wel: etmaalperiode.

--Toelichting--
<ul>
	<li>Dagperiode (7.00-19.00 uur)</li>
	<li>Avondperiode (19.00-23.00 uur)</li>
	<li>Nachtperiode (23.00-7.00 uur)</li>
</ul>";;
SporstaafruwheidwaardeCategorie;Enumeration;{01C33249-C871-41b9-8872-4135A5E35943};;"--Definitie--
Enumeratie met de 3 reeds bekende categorieen voor spoorstaafruwheid zoals te vinden in de spoorstaafruwheidtabel van het reken- en meetvoorschrift.";;
Treintype;Enumeration;{11918723-A26B-4cbd-BC37-F6914A4A4A4E};;"--Definitie--
Een algemene classificering van een spoorvoertuig.

--Toelichting--
Er zijn twee hoofdtypen:
<ul>
	<li>goederentrein</li>
	<li>reizigerstrein.</li>
</ul>";;
Geluidbronsoort;Enumeration;{16AB414E-37DD-460d-AEAE-00A62748E617};;"--Definitie--
Enumeratie van domeinen waarbij een geregistreerd object kan horen. ";;
Geluidbron;Enumeration;{6FABE66F-BDF5-4771-AEE2-5B9B0C9199C2};;"--Definitie--
Enumeratie van mogelijke domeinen waaruit de geluidemissie afkomstig is.";;
Terreintype;Enumeration;{77370E17-8492-4c58-9D1A-B6E09697F834};;"--Definitie--
Lijst met mogelijke type terreinen waarvan geluidgegevens worden geregistreerd.
";;
IndexSpoorstaafonderbreking;Enumeration;{89531B10-996F-4085-93AC-36BCCB16C95D};;"--Definitie--
Enumeratie met mogelijke waarden voor de spoorstaafonderbreking index (m).";;
Rijrichting;Enumeration;{91B9181F-C621-4819-83E0-1A31A9EBCF7F};;"--Definitie--
Geeft aan of het Spoordeel in de richting van oplopende (O) dan wel aflopende (A) kilometerwaardes bereden wordt, wanneer van het eerste naar het tweede dienstregelpunt van het ConversieTraject gereden wordt, kijkend naar de geldende kilometrering.

--Toelichting--
De verwerkingssystematiek van de rijrichting is afhankelijk van het aantal evenwijdige sporen ter plaatse:
<ul>
	<li>Bij enkelspoor gaat alle verkeer in beide richtingen over het ene spoor;</li>
	<li>Bij tweesporigheid gaan we uit van ï¿½rechts rijden</li>
	<li>Bij meer dan twee sporen in de bundel en geen kennis over het specifieke spoorgebruik nemen we aan dat alle sporen in beide richtingen bereden worden. Als bij meer dan twee sporen het spoorgebruik volgt uit de spoorgeometrie, dan wordt deze kennis wel gebruikt voor het vaststellen van de dominante rijrichting per spoor.</li>
</ul>";;
ProfielcorrectieWaarde;Enumeration;{A17FC677-D2F2-450c-ADD7-2D0218D708BE};Enumeratie;"--Definitie--
De enumeratie met mogelijke profielcorrectie waardes binnen domein industrie.";;"Description: De beschrijving van de betekenis van de construct zoals gespecificeerd in de catalogus van de desbetreffende (basis)registratie of informatiemodel.
"
Spoorstaafonderbreking;Enumeration;{AAC4C67C-3668-4a72-9B89-0F76EB07B7BB};;"--Definitie--
Classificatie van onderbrekingen in de geprofileerde ijzeren staaf die onderdeel is van een spoorbaan.
";;
TypeGegevenscollectie;Enumeration;{B6773E1F-22D6-4682-B531-6A2D392A2B3C};;"--Definitie--
Indicatie van het type geluidgegevenscollectie

--Regels--
Een prognose komt alleen voor bij een basisgeluidemissie, dus indien<b> Geluidgegevenscollectie.geluidbron</b> = 
<ul>
	<li><b>Gemeenteweg; OF</b></li>
	<li><b>Waterschapsweg; OF</b></li>
	<li><b>Lokale spoorweg</b></li>
</ul>

--Toelichting--
Een geluidgegevenscollectie dient verschillende toepassingen: ter vaststelling van een geluidproductieplafond of basisgeluidemissie, het monitoren van de vastgestelde gleuidproductieplafonds of basisgeluidemissies of een prognose op een basisgeluidemissie.";;
Spoorvoertuigcategorie;Enumeration;{C59D8682-FC4E-4844-9466-C17945725615};;"--Definitie--
Categorie-indeling van spoorvoertuigtypen.
";;
Schermtype;Enumeration;{C9ACE184-6E2B-40c1-ACE0-A7C5EE554EF9};;"--Definitie--
De gehanteerde categorisering van de type geluidschermen.

--Toelichting--
De schermwerking is voor ieder type hetzelfde, maar het is voor adviesbureaus en andere partijen waardevol om de herkomst van het scherm op basis van de typering te kunnen herleiden.

--Regels--
<ul>
	<li>Een Brugwand mag alleen voorkomen in relatie tot een object Brug</li>
	<li>Een Overkappingszijwand mag alleen voorkomen in relatie tot een object Overkapping</li>
	<li>Een Tunnelbakwand mag alleen voorkomen in relatie tot een object Tunnelbak</li>
</ul>";;
Bovenbouwcode;Enumeration;{E26FD10C-DEC5-4394-B498-B9522FAC3DA4};;"--Definitie--
Categorie-indeling van de bovenbouw.

--Toelichting--
<ul>
	<li>Een geospoortak kan in SoundBase verschillende bovenbouwcodes hebben. </li>
	<li>De in te voeren bovenbouwcode is afhankelijk van de boring, dwarsliggertype, spoorstaafbevestiging, ballastdikte en de eventuele aanwezigheid van raildempers. </li>
	<li>De combinatie van voorgaande factoren resulteert in een bijbehorende bovenbouwklasse. </li>
</ul>";;
contourMaatType;Enumeration;{F0EBEC48-6162-4681-86C7-ECC93055F37A};;"--Definitie--

Lijst van bestaande contour types in categorie overig waarvoor een geluidcontour kan worden opgenomen.

--Toelichting--
Er zijn verschillende maten om geluidcontouren te berekenen. Verschillende type maten voor het berekenen van contouren staan in deze enumeratie. ";;
ProfieltypeGeluidscherm;Enumeration;{F76303B4-A75E-4671-8977-C4719B32F932};Enumeratie;"--Definitie--
Vormaanduiding van het type geluidscherm

--Toelichting--
Deze klassen corresponderen met vaste profielcorrectiewaarden van 0,0 dB, 2,0 dB of 5,0 dB.
";;"Description: De beschrijving van de betekenis van de construct zoals gespecificeerd in de catalogus van de desbetreffende (basis)registratie of informatiemodel.
"
Voertuigklasse;Enumeration;{26C18A71-6F81-4654-8495-3E28EE752A22};;"--Definitie--
Een algemene classificering voor motorvoertuigen.";;
ProfieltypeSnelheid;Enumeration;{2890B73C-6675-493b-8DE3-B0E30C61DBD1};;"--Definitie--
Indicatie van het snelheidsverloop op het betreffende Spoordeel.

--Toelichting--
Er kan sprake zijn van doorgaand, stoppend of rangerend materieel.

--Regels--
Alleen op spooremplacementen kan sprake zijn van rangerend materieel. Spooremplacementen zijn echter niet als zodanig (apart) gemodelleerd.
";;
Hoogtelijnobjecttype;Enumeration;{2C63527A-74A7-4248-A10B-74D236BA4163};;"--Definitie--
Classificatie van het toepassingsgebied van een hoogtelijn.

--Toelichting--
Dit attribuut dient gebruikt te worden om aan te geven waarop de hoogtelijnen van toepassing zijn.";;
Documenttype;Enumeration;{30A82434-4787-4191-A68D-023591D3D78E};;"--Definitie--
Lijst van mogelijke type documenten waarnaar verwezen kan worden vanuit het geluidregister.";;
Wisselkantcode;Enumeration;{446F7B3A-1C41-4ef9-A7BF-C3D4F8F603E7};;"--Definitie--
Plaatsaanduiding van een wissel";;
Hoogtelijntype;Enumeration;{46116480-7260-453f-A7D6-80B6C72C8BDC};;"--Definitie--
Classificatie van het soort hoogtelijn.

--Toelichting--
<ul>
	<li>ProRail heeft het hoogtelijnenmodel vereenvoudigd en onderscheid nu vijf verschillende typen hoogtelijnen. </li>
	<li>De typen Tunnelbaklijn, balastbedlijn en kantaardebaanlijn komen uit het spoorregister en mogen niet aangepast worden. </li>
	<li>De andere twee typen komen uit het Actueel Hoogtebestand Nederland (AHN). Deze typen, de teentaludlijn en de referentiepuntenlijn, mag een adviesbureau aanpassen.</li>
</ul>";;
BronTypeWaarde;Enumeration;{4858CC05-8BCF-466f-A2F4-B8B01BEF16A6};Enumeratie;"--Definitie--
Enumeratie met mogelijke waarden voor bron type. 

--Toelichting--
Wanneer bron type ontbreekt kan deze lijst worden aangevuld.";;"Description: De beschrijving van de betekenis van de construct zoals gespecificeerd in de catalogus van de desbetreffende (basis)registratie of informatiemodel.
"
SnelheidgegevensSpoor;Class;{00CB7C0F-9A33-426c-90AE-DAAF97D29F7F};Gegevensgroeptype;"--Definitie--
Verzameling van snelheidgegevens van treinvoertuigen die zich over een Spoordeel verplaatsen.

--Toelichting--
<ul>
	<li>Het geheel van snelheidgerelateerde gegevens van een treinvoertuig zoals tenminste de snelheid en het treintype (BGE en GPP).</li>
	<li>Voor het hoofdspoor wordt ook opgegeven wat het profieltype van de snelheid is, de remindicatie en de rijrichting.</li>
</ul>";;"Description: De beschrijving van de betekenis van de construct zoals gespecificeerd in de catalogus van de desbetreffende (basis)registratie of informatiemodel.
"
HerkomstCollectie;Class;{0CBE6FF8-C5CF-452f-A268-2364394E4268};Gegevensgroeptype;"--Definitie--
Identificatie van de leverancier en bronhouder van een ""Geluidgegevenscollectie"".";;
IntensiteitgegevensSpoor;Class;{5FFCEE29-DD71-45db-926C-AB9A7E8677F3};Gegevensgroeptype;"--Definitie--
Verzameling van intensiteitgegevens van treinvoertuigen die zich per etmaalperiode over een Spoordeel verplaatsen.

--Toelichting--
<ul>
	<li>Geheel van informatie over de intensiteit waarmee treinvoertuigen zich over een spoortak verplaatsen, waarbij per dagdeel het snelheidsprofiel, de intensiteit, de rijrichting, de spoorvoertuigcategorie en het treintype worden vastgelegd.</li>
	<li>Het dagdeel (ook wel: etmaalperiode) is het gedeelte van een etmaal waarover het equivalent geluidsniveau wordt bepaald.</li>
</ul>

<b>Etmaalperioden</b>
<ul>
	<li>Dagperiode (7.00-19.00 uur)</li>
	<li>Avondperiode (19.00-23.00 uur)</li>
	<li>Nachtperiode (23.00-7.00 uur)</li>
</ul>";;
VerkeergegevensWeg;Class;{A5AB50E8-5A98-4426-A89E-F5C9D91CF6F8};Gegevensgroeptype;"--Definitie--
Verkeergegevens met betrekking op een wegdeel, bestaande uit de gemiddelde uurintensiteit en snelheid voor iedere voertuigklasse tijdens een dagdeel.

--Toelichting--
<ul>
	<li>De etmaalperiode (ook wel: dagdeel) is het gedeelte van een etmaal waarover het equivalent geluidsniveau wordt bepaald.</li>
	<li>Deze gegevensgroep zal in totaal 9 keer moeten worden opgenomen per wegdeel</li>
</ul>

Etmaalperioden
<ul>
	<li>Dagperiode (7.00-19.00 uur)</li>
	<li>Avondperiode (19.00-23.00 uur)</li>
	<li>Nachtperiode (23.00-7.00 uur)</li>
</ul>";;
BovenbouwgegevensSpoor;Class;{B5BBEDFE-C275-4c9f-BFF4-0440A0F7820B};Gegevensgroeptype;"--Definitie--
De constructie die het dragen en geleiden van spoorvoertuigen verzorgd en gelegen is op de onderbouw (het geheel van aardebaan en kunstwerken. Dit is de dragende constructie voor de bovenbouw).

--Toelichting--
Het geheel van spoorconstructie: (dikte van) ballastbed, dwarsligger, bevestiging, voegen en railruwheid. Er bestaan 2 bovenbouwconstructies, te weten:
<ol>
	<li>De ballastconstructie; deze bestaat uit ballast, dwarsliggers, spoorstaven en wissels alsmede het bijbehorende bevestigingsmateriaal;</li>
	<li>Ballastloze constructie; deze bestaat uit: een doorlopende plaat van beton, spoorstaven, bevestigingsmiddelen al dan niet gevat in een gietmassa. Komt o.a. voor bij tankinstallatie, wasinstallaties en kunstwerken</li>
</ol>";;
Geluidtoeslag;Class;{FB0866C8-1438-445a-BB63-B798A00E1626};Gegevensgroeptype;"--Definitie--
Verzameling van geluidtoeslaggegevens van treinvoertuigen die zich over een brug verplaatsen.

--Toelichting--
<ul>
	<li>Een brugwand is een zwevend scherm waardoor ook geluidimmissies van onderliggende sporen goed berekend kunnen worden. Er moet in zo een geval nader onderzoek gedaan worden naar de geluiduitstraling van het kunstwerk.</li>
</ul>

--Notitie--
<ul>
	<li>Stalen bruggen hebben niet altijd een brugwand. Indien er in de praktijk een brugwand aanwezig is op een stalen brug, wordt deze dus niet gemodelleerd. De reden daarvoor is dat dergelijke brugwanden in de praktijk geen afschermende werking hebben, omdat de geluidafstraling van de totale constructie afkomstig is. Deze geluidafstraling is daarnaast al verrekend in de brugtoeslag.</li>
</ul>
<ul>
	<li>Betonnen bruggen kunnen in ProRail-database wel een brugwand hebben. Een brugwand is maximaal 2 meter hoog en dient niet als scherm gemodelleerd te worden, maar als het specifieke object ?brugwand?. Schermen van meer dan 2 meter hoog naast een betonnen brug worden niet als brugwand maar als scherm gemodelleerd, met de werkelijke schermhoogte.</li>
</ul>";;
WegdeelBGE;Class;{04AEFD5E-76C1-40e6-8FCC-5C35CBE6814B};Objecttype;"--Definitie--
Kleinste functioneel onafhankelijk stukje van een NEN 3610 Weg waarover de geluidemissie van wegverkeer constant kan worden verondersteld, gelet op het type wegdek, gemiddelde snelheid en verkeersintensiteiten. 

--Toelichting--
<ul>
	<li>Dit een op akoestische toepassingen toegespitste definitie van een BGT-wegdeel.</li>
</ul>";;
Diffractor;Class;{1B63DB45-6061-48e5-8890-AC0CA30E1454};Objecttype;"--Definitie--
Een geluidgoot of geluidafbuiger is een experimentele geluidsreducerende maatregel langs (spoor)wegen.

--Toelichting--
<ul>
	<li>Een diffractor is een betonnen constructie met daarin holtes die parallel aan het wegdek lopen (resonatoren), waardoor geluid geabsorbeerd wordt en vanwege verschillen in geluidsdruk de geluidsgolven naar boven worden gericht.</li>
	<li>Diffractors zijn geen verplichte geluidbrongegevens.</li>
</ul>

--Notes voor beheer--
<ul>
	<li>Het systeem werkt vooral bij het rolgeluid van banden en is daarom voornamelijk langs autosnelwegen en provinciale wegen effectief.</li>
	<li>In de bebouwde kom is dit systeem minder effectief omdat hier het motorgeluid overheerst. Afhankelijk van de situatie varieert de geluidreductie tussen 0,0  en 3,0 dB</li>
</ul>";;
Geluidproductieplafondobject;Class;{237408F8-8CE9-4828-B8FB-1A5B8C917622};Objecttype;"--Definitie--
Een punt in Nederland waar ter referentie is vastgesteld wat de maximale toegstane geluidbelasting per etmaalperiode mag zijn die geproduceerd wordt door een Rijksweg, een provinciale weg, een industrieterrein, of het hoofdspoor.

--Toelichting--
Het geluidproductieplafondobject is een verzamelobject dat de in een besluit vastgestelde  GPP-waarde op een referentiepunt opslaat, samen met informatie over een eventueel van toepassing zijnde ontheffing of een vrijstelling.

--Regels--
Dit objecttype kan alleen worden aangeleverd indien Geluidgegevenscollectie.geluidbron = industrieterrein, OF rijksweg, OF provinciale weg,<i> </i>OF hoofdspoor, OF lokale spoorweg;";;"Description: De beschrijving van de betekenis van de construct zoals gespecificeerd in de catalogus van de desbetreffende (basis)registratie of informatiemodel.
"
Geluidoverdrachtobject;Class;{2FEA326B-B7E7-48a4-B50F-00CCB2694677};Objecttype;"--Definitie--
Object met een geluid reflecterende, afschermende of absorberende werking.

--Toelichting--
Een geluidoverdrachtsobject kan gebruikt zijn in de berekening van de monitoringswaarde in van een bepaald jaar. Indien een bevoegd gezag ervoor kiest om de overdrachtsobjecten die ten grondslag liggen aan de monitoringsberekening mee te leveren, is het noodzakelijk om deze te koppelen aan het monitoringsjaar waarop ze betrekking hebben.

--Regels--
Er mogen alleen 0 Overdrachtsobjecten in een Geluidgegevenscollectie zitten, wanneer geluidbron van Geluidgegevenscollectie= [Luchtverkeer, Gemeentelijkeweg, Waterschapsweg, Militair schietterrein]
";;"Description: De beschrijving van de betekenis van de construct zoals gespecificeerd in de catalogus van de desbetreffende (basis)registratie of informatiemodel.
"
Geluidgegevenscollectie;Class;{313C5AF9-49B8-4860-9E65-DE7C70084864};Objecttype;"--Definitie--
Informatieobject dat gegevens specificeert over alle geluidproductieplafonds of basisgeluidemissies, de voor de berekening daarvan gebruikte geluidbrongegevens (geluidemissie- en geluidoverdrachtsobjecten), de onderliggende (juridische) documententatie, de monitoringsgegevens, de cumulatie bronnen en het geluidaandachtsgebied, die gezamenlijk deel uitmaken van hetzelfde type geluidbron.

--Toelichting--
<ul>
	<li>Dit object is de kern het informatiemodel geluid; het verbindt alle objecten met elkaar en houdt de historie bij. Door ook informatie op te nemen over het soort geluidbron en de herkomst van de Geluidgegevenscollectie wordt ook aangegeven met welke juridische werkelijkheid de gegevenscollectie te maken heeft.</li>
	<li>Aangezien iedere geluidbron aan andere regels moet voldoen, is de geluidbron bepalend voor de juridische werkelijkheid waaraan de Geluidgegevenscollectie moet conformeren.</li>
	<li>Geluidgegevenscollectie is een GML FeatureCollection, dus heeft een relatie met iedere Feature (GML term voor Object) uit dit informatiemodel.</li>
</ul>

--Regels--
<ul>
	<li>Een Geluidgegevenscollectie heeft alleen Basisgeluidemissieobjecten indien Geluidgegevenscollectie.geluidbron is: lokale weg OF Lokale spoorweg;</li>
	<li>Een Geluidgegevenscollectie heeft alleen Geluidproductieplafondobjecten indien Geluidgegevenscollectie.geluidbron is: Rijksweg OF Provinciale weg OF Hoofdspoorweg OF Industrie Of Lokale spoorweg;</li>
	<li>Er mag alleen geen Geluidaandachtsgebied in een Geluidgegevenscollectie zitten, wanneer geluidbron van Geluidgegevenscollectie= [Luchtvaart, schiet- of springterrein, Windturbine];</li>
	<li>Wanneer geluidbron van Geluidgegevenscollectie = industrieterrein OF luchtvaart OF schiet- of springterrein, moet de Geluidgegevenscollectie 1 terrein bevatten, anders 0;</li>
	<li>Wanneer Geluidgegevenscollectie.type = vaststelling: mag de Geluidgegevenscollectie (een specialisatie van) de volgende objecttypen bevatten: Geluidemissieobject, Geluidoverdrachtobject, Basisgeluidemissieobject, Geluidproductieplafondobject, Geluidaandachtsgebied, Documentverwijzing, Geluidberekeningobject, Lijnbronindustrie, Vlakbronindustrie, Geluidcontour;</li>
	<li>Wanneer Geluidgegevenscollectie.type = brongegevens monitoring: mag de Geluidgegevenscollectie (een specialisatie van) de volgende objecttypen bevatten: Geluidemissieobject, Geluidoverdrachtobject, Lijnbronindustrie, Vlakbronindustrie;</li>
	<li>Wanneer Geluidgegevenscollectie.type = prognose: mag de Geluidgegevenscollectie (een specialisatie van) de volgende objecttypen bevatten: Geluidemissieobject;</li>
	<li>Wanneer Geluidgegevenscollectie.type = monitoringresultaat: mag de Geluidgegevenscollectie (een specialisatie van) de volgende objecttypen bevatten: Monitoringresultaat, Geluidberekeningobject, Documentverwijzing;</li>
</ul>

";;
Geluidemissieobject;Class;{361C96BA-A638-494e-80BA-590ED481A81B};Objecttype;"--Definitie--
Abstractie van alle volgens wet- en regelgeving relevante infrastructurele- en industrieterrein-objecten uit de werkelijkheid die geluid produceren.

--Toelichting--
Een geluidemissieobject heeft verschillende functies:
<ol>
	<li>Het kan een object zijn dat gebruikt is voor de bepaling van de hoogte van een geluidproductieplafond of basisgeluidemissie;</li>
	<li>Het kan ook gebruikt zijn in de berekening van de monitoringswaarde in van een bepaald jaar. Indien een bevoegd gezag ervoor kiest om de emissieobjecten die ten grondslag liggen aan de monitoringsberekening mee te leveren, is het noodzakelijk om deze te koppelen aan het monitoringsjaar waarop ze betrekking hebben.</li>
	<li>Het object kan gebruikt worden gebruikt voor het aanleveren van prognose gegevens.  Het Geluidgegevenscollectie.type is dan prognose:</li>
</ol>

--Regels--
Er mogen alleen GEEN geluidemissieobjecten in een Geluidgegevenscollectie zitten, wanneer geluidbron van Geluidgegevenscollectie =  Luchtverkeer, schiet- of springterrein.";;"Description: De beschrijving van de betekenis van de construct zoals gespecificeerd in de catalogus van de desbetreffende (basis)registratie of informatiemodel.
"
Terrein;Class;{3CF82A2D-EBD2-45f5-BDBF-6B65612322CD};Objecttype;"--Definitie--
Terreinen waar bij algemene maatregel van bestuur aangewezen
activiteiten kunnen worden verricht die in aanzienlijke mate geluid kunnen veroorzaken.

--Regels--
<ul>
	<li>Wanneer Terrein.typeterrein = industrieterrein: Dan is Terrein.geometrie verplicht om aan te leveren;</li>
	<li>Wanneer Geluidgegevenscollectie.type = industrieterrein: dan mag maar 1 instantie van Terrein voorkomen binnen de Geluidgegevenscollectie;</li>
</ul>";;
SpoordeelBGE;Class;{42555ADC-3B87-4443-BC5B-6B9057DE3FDE};Objecttype;"--Definitie--
Kleinste functioneel onafhankelijk stukje van een NEN 3610 Weg met gelijkblijvende, homogene akoestische eigenschappen en relaties en primair bedoeld voor het representeren van akoestische eigenschappen van lokaal spoorverkeer, zoals een metro, tram of lightrail.

--Toelichting--
<ul>
	<li>Dit een op akoestische toepassingen toegespitste definitie van een BGT-wegdeel.</li>
</ul>

--Regels--
<ul>
	<li>Mag alleen voorkomen wanneer Geluidgegevenscollectie.geluidbron = lokale spoorweg;</li>
</ul>";;
VlakbronIndustrie;Class;{43CE47B3-F0C4-4ee1-A29C-DA9AE6216E59};Objecttype;"--Definitie--
Object dat aangeeft op basis van welke vlakbron de geluidbronindustrie tot stand gekomen is.
--Toelichting--
<ul>
	<li>Voor herleidbaarheid van de berekening kunnen deze punten gelinkt worden aan de bijbehorende vlakbron.</li>
	<li>Een vlakbron is afgeleid uit de vlak geometrie van een geluidbrontype uit een rekenpakket. Deze vlakbron kan ook extra eigenschappen hebben die worden gebruikt door rekensoftware.</li>
</ul>";;
GeluidschermSpoor;Class;{4CA66C5A-E8E1-47ea-93A7-C2D7986C8DBD};Objecttype;"--Definitie--
Speciaal voorkomen van een Geluidscherm, bedoeld om nader onderscheid te kunnen maken tussen typen schermen zoals die voorkomen bij het hoofdspoor.

--Toelichting--
<ul>
	<li>Deze specialisatie is alleen van toepassing op het hoofdspoor (GPP-spoor).</li>
</ul>

--Regels--
<ul>
	<li>Kan alleen worden aangeleverd voor GPP spoor</li>
</ul>
<ul>
	<li>Een GeluidschermSpoor kan van het schermtype tunnelbakwand zijn. In dat geval heeft de het scherm een relatie met het object tunnelbak.</li>
	<li>Een GeluidschermSpoor waaruit een overkapping in het model bestaat, kan van het schermtype overkappingszijwand zijn. In dat geval heeft de het scherm een relatie met het object Overkapping.</li>
	<li>Een geluidschermSpoor kan van het schermtype brugwand zijn. In dat geval heeft de het scherm een relatie met het object Brug.</li>
</ul>";;
Tunnel;Class;{52FB0AD2-D680-41f5-A4E8-979EF928F841};Objecttype;"-- Definitie --
Onderdeel van een kunstmatig aangelegde, kokervormige onderdoorgang dat essentieel is voor de constructie.

--Toelichting--
Alle Spoordelen die binnen dit vlakken vallen worden op emissiewaarde  ""0"" gezet. In tegenstelling tot de andere infraobjecten wordt voor een tunnel zelf geen onderscheid gemaakt tussen, bodem, zijwand en overkapping. De tunnel sluit het geluid namelijk volledig af, dus de ligging van de tunnel is volstaat.";;
GeluidproductieplafondobjectIndustrie;Class;{54EBAB06-4239-44c9-A4FF-72CDA727F5D3};Objecttype;"--Definitie--
Lokaal Geluidproductieplafondobject voor industrie.

--Regels--
Wordt alleen gebruikt wanneer ""geluidbron"" van Geluidgegevenscollectie ""Industrieterrein"" is.";;
Geluidcontour;Class;{593AE084-D3EF-403b-9863-496FC269DC87};Objecttype;"--Definitie--
De grens van een gebied met een specifieke geluidbelasting.

--Toelichting--
<ul>
	<li>Contour rondom geluidbron op basis van akoestisch onderzoek. </li>
	<li>Per 1 dB moet een contour worden berekend. </li>
	<li>Bij luchtvaart is het bereik van 48 dB Lden tot 70 dB.</li>
</ul>";;
Tunnelbak;Class;{5A041C70-3BE7-4273-87C7-341981B09801};Objecttype;"--Definitie--
Het bodemvlak (vloer) van de niet overkapte helling die een tunnel verbindt met het maaiveld.

--Toelichting--
<ul>
	<li>Dit beteft het bodemvlak van de tunnelbak.</li>
	<li>De wanden van de tunnelbak worden als <b>GeluidschermSpoor.schermtype=tunnelbakwand</b> gemodelleerd en behoren niet de geometrie van dit object.</li>
</ul>

--Regels--
Een tunnelbak bestaat alleen uit geluidschermdelen van het schermtype ""tunnelbakwand"".
";;
Overkapping;Class;{68402E1D-9370-4bd4-87E6-A21FD883E5B5};Objecttype;"--Definitie--
Geluidoverdrachtsobject met tegenhoudende en absorberende werking, dat zich typisch boven een Spoordeel bevind.

--Toelichting--
Dit gegevens is akoestisch relevant voor de berekening van het GPP, maar indien overkappingszijwanden ontbreken is onbekend wat het effect van de overkapping is. Indien er wel overkappingszijwanden zijn, in hoeverre verschilt de combinatie van objecten dan van een tunnel?


--Regels--
Een Overkapping bestaat alleen uit geluidschermdelen van het schermtype ""overkappingszijwand"".


";;
SpoordeelGPP;Class;{711C94BB-E0F7-40e5-A41A-C53DB13272C3};Objecttype;"--Definitie-- 
Gedeelte van een spoorbaan met homogene akoestische eigenschappen.

--Toelichting--
<ul>
	<li>Een spoorbaan in het informatiemodel is opgebouwd uit allemaal afzonderlijke segmenten, de Spoordelen.</li>
	<li>Een Spoordeel dient homogene eigenschappen te hebben.</li>
	<li>Indien &#233;&#233;n van de eigenschappen van een Spoordeel verandert, bijvoorbeeld de snelheid, dan ontstaat er een nieuw Spoordeel.</li>
</ul>";;
IndustrieRekeninstellingen;Class;{7B120AD1-3CF4-4d78-9CA8-B7D7B709DB5A};Objecttype;"--Definitie--
Standaard rekeninstellingen die zijn gebruikt bij een berekening gerelateerd aan een industrieterrein.

--Toelichting--
Bij het uitvoeren van akoestisch onderzoek binnen domein industrie, moet een akoestisch expert enkele rekeninstellingen bepalen. ";;"Description: De beschrijving van de betekenis van de construct zoals gespecificeerd in de catalogus van de desbetreffende (basis)registratie of informatiemodel.
"
GeluidbronIndustrie;Class;{7B6D3D2D-0C70-435a-AAFC-FABC9CD61353};Objecttype;"--Definitie--
Geluidafstralend toestel, apparaat, gebouw of activiteit, dan wel een combinatie hiervan, binnen een inrichting of industrieterrein.

--Toelichting--
Dit object wordt zowel voor binnen het domein GPP-industrie als GPP-spoor gebruikt. In dat laatste geval alleen voor stilstaande treinen op emplacementen/opstelterreinen.

--Regels--
Indien toegepast op emplacementen/opstelterreinen, dan zijn de volgende velden nodig: bedrijfsduurcorrectie, geometrie, uitstralingsrichting, relevanteBronsterkte;";;"Description: De beschrijving van de betekenis van de construct zoals gespecificeerd in de catalogus van de desbetreffende (basis)registratie of informatiemodel.
"
Documentverwijzing;Class;{7E137496-1028-4af5-9367-569358A2167B};Objecttype;"--Definitie--
Verwijzing naar het onderliggende besluit voor GPP, onderliggende bepaling voor BGE of onderliggende monitoringsrapportage voor een Monitoringswaarde of overige besluiten of meldingen.

--Toelichting--
De bronhouder is verantwoordelijk voor het onderhouden van een stabiele verwijzing.

--Regels--
<ul>
	<li>Een documentverwijzing kan verbonden zijn aan een monitoringsresultaat dat toebehooort aan een basisgeluidemissieobject. Om die reden heeft een documentverwijzing <i>geen</i> of <i>meerdere</i> geluidproductieplafondobjecten [0..*].</li>
	<li>Indien geluidbron 'windturbine' dan geen documentverwijzing</li>
</ul>
<ul>
	<li>Het is toegestaan om meerdere besluiten bij een GPP op te nemen, inclusief een tijdelijk ontheffingsbesluit.</li>
</ul>

";;"Description: De beschrijving van de betekenis van de construct zoals gespecificeerd in de catalogus van de desbetreffende (basis)registratie of informatiemodel.
"
Bouwwerk;Class;{8A05EFB0-A6AD-45e8-AE68-FAA4399063F2};Objecttype;"--Definitie--
Geluidoverdrachtobject dat de absorberende en reflecterende akoestische werking van een statisch fysiek object modelleert.

--Toelichting--
<ul>
	<li>Een Bouwwerk kan bij akoestisch onderzoek voor industrieterreinen worden gebruikt, om de reflecterende en absorberende werking van een fysiek object zoals een gebouw te modelleren.</li>
	<li>In de reken- en meetvoorschriften wordt er gesproken van een Gebouw in plaats van Bouwwerk. In IMGeluid hebben we ervoor gekozen de naam Bouwwerk te gebruiken, omdat dit object niet per definitie een Gebouw hoeft te zijn zoals dit begrip gedefinieerd is in andere registraties.</li>
</ul>";;
Bodemvlak;Class;{902B9218-E1B1-4512-B52A-F8DADD1DB990};Objecttype;"--Definitie--
Object dat de geluid-absorberende werking van een vlak hardere of zachtere bodem simuleert.

--Regels--
<ul>
	<li>Komt alleen voor bij Geluidgegevenscollectie.geluidbron = Rijkswegen, Provinciale wegen en Industrie.</li>
	<li>Is optioneel gegeven,  behalve als het Bodemvlak binnen de grenzen van een industrieterrein ligt.</li>
</ul>

--Notes voor beheer--
Bij GPP wegen is een vaste strook hard bodemgebied onder de rijlijn gedefinieerd, waardoor het eerste deel van de geluidsoverdracht altijd over een reflecterende bodem plaatsvindt. De lengte van dit gedeelte is voor elke sector verschillend. ";;
WegdeelGPP;Class;{955703EE-254E-4d46-89C5-37D46AEADA8B};Objecttype;"--Definitie--
Kleinste functioneel onafhankelijk stukje van een NEN 3610 Weg met gelijkblijvende, homogene akoestische eigenschappen en relaties en primair bedoeld voor het representeren van akoestische eigenschappen van wegverkeer op rijkswegen of provinciale wegen.

--Regels--
<ul>
	<li>De waarde van attribuutsoort ""dagdeel"" uit de gegevensgroep ""VerkeergegevensWeg"" moet 3 keer alle enumeratiewaarden hebben gehad uit enumeratie ""Dagdeel"".</li>
	<li>De waarde van attribuutsoort ""voertuigclassificatie"" uit de gegevensgroep ""VerkeergegevensWeg"" moet 3 keer alle enumeratiewaarden hebben gehad uit enumeratie ""Voertuigklasse"".</li>
</ul>";;
Geluidberekeningobject;Class;{97ED59FE-9FCA-49a6-8F07-214E48000B76};Objecttype;"--Definitie--
Object met achtergrondinformatie over een geluidberekening die van toepassing is voor een Geluidgegevenscollectie. 

--Toelichting--
<ul>
	<li>Dit object is toegevoegd om het transparant te maken welke partij het akoestisch onderzoek heeft uitgevoerd met welke software.</li>
</ul>
<ul>
	<li>Bij spoor kunnen twee verschillende geluidberekeningobjecten voorkomen, omdat spoorweg emplacementen onder de industrie rekenvoorschriften vallen.</li>
</ul>

--Notes voor beheer--
<ul>
	<li>Is geen gegevensgroep omdat uit 1 geluidberekening verschillende geluidproductieplafonds kunnen worden berekend.We willen niet per GPP een geluidberekening opnieuw opslaan.</li>
</ul>
<ul>
	<li>Dit moet een object zijn omdat uit dezelfde berekening meerdere Geluidproductieplafondobjecten kunnen zijn voortgekomen.</li>
</ul>";;
Basisgeluidemissieobject;Class;{9AD15457-4880-42e5-8C72-4E5EFAC91B15};Objecttype;"--Definitie--
Een verzamelobject van de basisgeluidemissiewaarde en de Geluidemissieobjecten waarop deze waarde betrekking heeft. 

--Toelichting--
<ul>
	<li>De basisgeluidemissie is de referentie bij de monitoring van het geluid van gemeentewegen, waterschapswegen en lokale spoorwegen waarvoor geen geluidproductieplafond als omgevingswaarde is vastgesteld.</li>
	<li>De basisgeluidemissie wordt bepaald over een deel van de (spoor)weg waarover de geluidemissie min of meer constant kan worden verondersteld. Er geldt &#233;&#233;n gemiddelde geluidemissie voor een wegvak (wegen) of een emissietraject (spoor). Een wegvak kan bestaan uit een enkele rijlijn, maar ook uit combinaties van meerdere rijlijnen en/of spoorbaandelen. Een emissietraject kan bestaan uit een of enkele spoorbaandelen.</li>
</ul>

--Regels--
<b>Kan alleen de volgende specialisaties van een Geluidemissieobject bevatten:</b> WANNEER Geluidgegevenscollectie.geluidbron = gemeenteweg: WegdeelBGE, OF SpoordeelBGE; WANNEER Geluidgegevenscollectie.geluidbron = waterschapsweg: WegdeelBGE; WANNEER Geluidgegevenscollectie.geluidbron = lokale spoorweg: SpoordeelBGE;";;
Hoogtelijnspecificatie;Class;{B01AA864-A542-404a-908D-E23998395B87};Objecttype;"--Definitie--
Optionele extra informatie over de hoogtelijn.

--Toelichting--
Verschillende bronhouders hebben ervoor gekozen of zullen er in de toekomst voor kiezen om hun hoogtelijnen bestand te vereenvoudigen en per hoogtelijn een aanduiding van het type mee te geven. De attributen van dit object bieden de mogelijkheid om deze informatie toe te voegen.


";;
Geluidaandachtsgebied;Class;{B06128AC-518C-4e26-88E5-14ED5A050A19};Objecttype;"--Definitie--
Gebied rondom een industrieterrein of langs een weg of spoorweg, waarbinnen de geluidproductie hoger kan zijn dan de standaardwaarde.

--Toelichting--
<ul>
	<li>Overlap van geluidaandachtsgebieden is toegestaan. Omdat alle gegevens van een bepaald type van een bepaalde geluidbron met betrekking op een bepaalde periode in dezelfde geluidgegevenscollectie zitten kan worden getraceerd waar gegevens bij horen.</li>
	<li>Geluidaandachtsgebieden kunnen zowel per bronhouder, per geluidbronsoort of landelijk voorkomen.</li>
</ul>

--Notes voor beheer--
<ul>
	<li>Indien een initiatiefnemer een nieuw project wil ontwikkelen of een bestand project wilt wijzigen dat in een geluidaandachtsgebied (GAG) valt, dient er aanvullend akoestisch onderzoek gedaan te worden.</li>
</ul>";;
Monitoringresultaat;Class;{BA00B77B-D408-4590-8185-CE59E5838F1E};Objecttype;"--Definitie--
Monitoringgegevens voor geluidproductieplafonds of basisgeluidemissie zoals opgenomen in het meest recente openbare verslag over de monitoring.

--Toelichting--       
<ul>
	<li>Monitoring voor geluidproductieplafonds als omgevingswaarden vindt plaats door de geluidproductie te berekenen.</li>
	<li>Monitoring van de basisgeluidemissie vindt plaats door het het verschil tussen de gemiddelde geluidemissie in een kalenderjaar en de basisgeluidemissie zoals opgenomen in het meest recente openbare verslag over de monitoring te berekenen of te schatten.</li>
</ul>

--Regels--
<ul>
	<li>Een gemeente of waterschap mag de basisgeluidsemissie (BGE) ook schriftelijk onderbouwen. In dat geval hoeft geen monitoringswaarde opgegeven te worden.</li>
</ul>
<ul>
	<li>Dit object mag alleen informatie bevatten indien: Geluidgegevensobject.geluidbron = rijksweg OF, provinciale weg OF, waterschapsweg OF, gemeenteweg OF, industrieterrein OF, hoofdspoorweg OF, lokale spoorweg;</li>
</ul>

";;
Geluidschermdeel;Class;{BC342A75-1053-4086-9B42-321F22E3FA82};Objecttype;"--Definitie--
Deel van een geluidscherm of wal dat geplaatst is als een geluidwerende maatregel binnen een geluidaandachtsgebied waar de geluidproductieplafond regeling geldig is.

--Toelichting-- 
<ul>
	<li>Dient voor afscherming en heeft een reflectiefactor die aan de twee zijden verschillend kan zijn.</li>
</ul>
<ul>
	<li>Het gaat hier net als bij rijlijnen om homogene 'geluidschermdelen'. M.a.w. indien &#233;&#233;n eigenschap van het scherm wijzigt, heb je een nieuw afschermend object nodig.</li>
</ul>

--Notes voor beheer--
<ul>
	<li>Objecten rondom de weg (geluidschermen en wallen) die nodig zijn om de geluidproductieplafonds te berekenen en daarmee onderdeel zijn van de geluidbrongegevens voor wegen. In principe worden geen gemeente-schermen aangeleverd, tenzij die zijn gebruikt in de GPP-berekening.</li>
</ul>";;
Vegetatiegebied;Class;{C09CF91E-C221-4fe9-B126-08102B3DEF5A};Objecttype;"--Definitie--
Overdracht object dat een gebied afbakent, waarin door vegetatie de overdracht van geluid wordt beperkt met een vast waarde .";;
Hoogtelijn;Class;{CE3003A0-5F16-4630-B2A6-519B33439135};Objecttype;"--Definitie --
Breuklijn om het hoogteverloop van het terrein te modelleren

--Toelichting--
Het object Hoogtelijnen is optioneel. Het is niet verplicht om hoogtelijnen in de berekening van het GPP gebruiken, behalve als deze binnen de grenzen van een industrieterrein ligt.
";;
Windturbine;Class;{DBD69202-F9F6-4121-99E0-A194D53BB62F};Objecttype;"--Definitie--
Een verzameling van geluidbrongegevens die gebruikt word om de geluid productie van een windturbine in de werkelijkheid te simuleren.

--Toelichting--
Voor windturbines worden alleen de brongegevens opgeslagen in de centrale voorziening. Een windturbine heeft geen geluidaandachtsgebied.
";;
Kunstwerk;Class;{E7C0AB60-EC07-4e4f-8F38-E279188D028A};Objecttype;"--Definitie--
Een civiel-technisch werk voor de infrastructuur van wegen, water, spoorbanen, waterkeringen en/of leidingen.

--Notes voor beheer--
Let op: definitie overgeonomen van KunstwerkDEEL uit BGT. In BGT vallen de objecten die in IM GEluid als subtypen van een kunstwerk zijn gemodelleerd niet (allemaal) onder een kunstwerkdeel, zoals in de BGT omschreven

https://definities.geostandaarden.nl/concepten/imgeo/id/begrip/Kunstwerkdeel";;
LijnbronIndustrie;Class;{EF66CAA4-E8AE-4eca-8176-0B5CE277CD47};Objecttype;"--Definitie--
Object dat aangeeft op basis van welke lijnbron de geluidbronindustrie tot stand gekomen is.

--Toelichting--
<ul>
	<li>Voor herleidbaarheid van de berekening kunnen deze punten gelinkt worden aan de bijbehorende lijnbron.</li>
	<li>Een lijnbron is afgeleid uit de lijn geometrie van een geluidbrontype uit rekensoftware.</li>
</ul>";;
Brug;Class;{F36131A1-FE84-4230-B41A-3E55575D3C80};Objecttype;"--Definitie--
Kunstwerk over een watervlakte of waterloop, bestaande uit een brugdek gesteund door pijlers en/of landhoofden.

--Toelichting--
Dit object is voor de berekening van het GPP op twee manieren relevant:
<ol>
	<li>Het bepaalt waar de brugtoeslag geldt</li>
	<li>Als het een betonnen brug is, geldt de brug als een reflecterend bodemvlak op hoogte, met z-waarde t.o.v. N.A.P. (afgeleid van spoorhooge = spoorhoogte minus 20cm).</li>
</ol>

--Regels--
Een Brug bestaat alleen uit geluidschermdelen van het schermtype ""brugwand"".";;
Procesinstallatiegebied;Class;{F66BFCFE-8850-4cf0-8769-084A9455A966};Objecttype;"--Definitie--
Gebied dat een dempende invloed heeft op de geluidemissie van bronnen. 

--Notes voor beheer--
<ul>
	<li>Een procesinstallatiegebied wordt gebruikt om te simuleren hoe de fysieke installaties van geluidbronnen een dempende werking hebben op andere geluidbronnen.</li>
	<li>Het is bijvoorbeeld mogelijk dat een installatie met een geluidemissie een andere installatie dempt.</li>
	<li>Een procesinstallatiegebied wordt gebruikt om het dempende effect hiervan te simuleren.</li>
</ul>";;
